query,target_class
How do I become a certified clinical nurse specialist?,Certified Clinical Nurse Specialist
Can a nurse specialist help with chronic pain management?,Certified Clinical Nurse Specialist
I'm feeling dizzy and need advice on next steps.,Certified Clinical Nurse Specialist
What should I do if I have persistent nausea?,Certified Clinical Nurse Specialist
Is a nurse specialist the right choice for my condition?,Certified Clinical Nurse Specialist
How can I find a certified nurse specialist near me?,Certified Clinical Nurse Specialist
I'm struggling with depression and need support.,Certified Clinical Nurse Specialist
What are the signs of a serious infection?,Certified Clinical Nurse Specialist
I have trouble breathing and am worried.,Certified Clinical Nurse Specialist
How do I prepare for a nurse specialist consultation?,Certified Clinical Nurse Specialist
I'm concerned about my daughter's frequent illnesses.,Certified Clinical Nurse Specialist
What does a nurse specialist do exactly?,Certified Clinical Nurse Specialist
I'm experiencing severe headaches and fatigue.,Certified Clinical Nurse Specialist
How can I get certified as a clinical nurse specialist?,Certified Clinical Nurse Specialist
I need help with medication management.,Certified Clinical Nurse Specialist
What if my symptoms don't improve with treatment?,Certified Clinical Nurse Specialist
I'm dealing with anxiety and need guidance.,Certified Clinical Nurse Specialist
How can I talk to a nurse specialist about my health?,Certified Clinical Nurse Specialist
I have diabetes and need more care options.,Certified Clinical Nurse Specialist
What if I'm not feeling well after surgery?,Certified Clinical Nurse Specialist
I'm worried about my elderly parent's health.,Certified Clinical Nurse Specialist
How do I know if I need a nurse specialist?,Certified Clinical Nurse Specialist
I'm having trouble sleeping and feel exhausted.,Certified Clinical Nurse Specialist
What should I do if I'm not improving with care?,Certified Clinical Nurse Specialist
I'm concerned about my child's school performance.,Certified Clinical Nurse Specialist
How can a nurse specialist help with mental health?,Certified Clinical Nurse Specialist
I'm experiencing chest pain and need immediate help.,Certified Clinical Nurse Specialist
What if I don't have health insurance?,Certified Clinical Nurse Specialist
I'm worried about my immune system.,Certified Clinical Nurse Specialist
How can I manage my chronic condition better?,Certified Clinical Nurse Specialist
fever and fatigue for two weeks,Internal Medicine
chest pain and shortness of breath,Internal Medicine
headache and nausea for three days,Internal Medicine
confused and tired all the time,Internal Medicine
persistent cough with mucus,Internal Medicine
difficulty sleeping and weight loss,Internal Medicine
stomach pain and bloating,Internal Medicine
itchy skin and rashes,Internal Medicine
back pain that won't go away,Internal Medicine
swollen legs and fluid retention,Internal Medicine
dry cough with no fever,Internal Medicine
memory loss and confusion,Internal Medicine
unexplained weight loss and hunger,Internal Medicine
nausea and vomiting without diarrhea,Internal Medicine
dark circles under eyes and fatigue,Internal Medicine
joint pain and stiffness,Internal Medicine
night sweats and fever,Internal Medicine
difficulty concentrating and anxiety,Internal Medicine
skin rash and fever,Internal Medicine
sudden weight loss and appetite changes,Internal Medicine
heartburn and acid reflux,Internal Medicine
loss of appetite and bloating,Internal Medicine
constant fatigue and dizziness,Internal Medicine
leg swelling and pain,Internal Medicine
persistent headache and vision changes,Internal Medicine
fever with chills and body aches,Internal Medicine
stomach cramps and gas,Internal Medicine
confusion and memory issues,Internal Medicine
nighttime urination and thirst,Internal Medicine
chest discomfort and palpitations,Internal Medicine
My knee hurts and I think it's a sprain,General Surgery
I’ve been having pain in my lower back for weeks,General Surgery
I need help with a broken arm after a fall,General Surgery
My hand is swollen and I can’t move it,General Surgery
I think I have a dislocated shoulder,General Surgery
I’m experiencing stomach pain and nausea,General Surgery
I’ve been feeling dizzy and nauseous,General Surgery
I have a persistent cough and chest pain,General Surgery
I’m worried about a heart attack symptoms,General Surgery
I’ve been having trouble breathing and chest pain,General Surgery
I think I might have a gallbladder issue,General Surgery
I have a severe headache and vision problems,General Surgery
I’m concerned about a stroke symptoms,General Surgery
I’ve been feeling weak and confused,General Surgery
I have a fever and body aches,General Surgery
I think I have the flu symptoms,General Surgery
I’m having trouble with my digestion,General Surgery
I feel bloated and have constipation,General Surgery
I’ve been having pain in my right side,General Surgery
I think I have a kidney stone,General Surgery
I’m experiencing pain in my testicles,General Surgery
I have a swollen and tender knee,General Surgery
I think I have a torn ACL,General Surgery
I’m having pain in my shoulder and arm,General Surgery
I have a lump on my neck that’s painful,General Surgery
I’m concerned about a lump in my throat,General Surgery
I think I have a wisdom tooth infection,General Surgery
I’ve been having pain in my lower abdomen,General Surgery
I feel pressure in my lower back,General Surgery
I’m having trouble with my urine flow,General Surgery
my child has a high fever and cough,Pediatric Medicine
runny nose and sore throat in toddler,Pediatric Medicine
fever with rash on face,Pediatric Medicine
child not eating and acting fussy,Pediatric Medicine
babies with colic symptoms,Pediatric Medicine
fever and diarrhea in young child,Pediatric Medicine
child is lethargic and irritable,Pediatric Medicine
toddler has a persistent cough,Pediatric Medicine
fever in 2-year-old with no other symptoms,Pediatric Medicine
child with vomiting and fever,Pediatric Medicine
baby has a skin rash and fever,Pediatric Medicine
child not sleeping well lately,Pediatric Medicine
fever and chills in a 3-year-old,Pediatric Medicine
child with a runny nose and congestion,Pediatric Medicine
fever in a 5-year-old with no other issues,Pediatric Medicine
toddler has a stiff neck and fever,Pediatric Medicine
child with a sore throat and fever,Pediatric Medicine
fever and headache in a child,Pediatric Medicine
baby has a fever and seems sick,Pediatric Medicine
child with a fever and swollen glands,Pediatric Medicine
fever in a child with no known illness,Pediatric Medicine
toddler is acting weird and has a fever,Pediatric Medicine
child with a fever and no appetite,Pediatric Medicine
fever and body aches in a young child,Pediatric Medicine
child has a fever and is crying a lot,Pediatric Medicine
baby with a fever and trouble breathing,Pediatric Medicine
fever in a child with a rash,Pediatric Medicine
child with a fever and diarrhea,Pediatric Medicine
fever and vomiting in a 4-year-old,Pediatric Medicine
toddler has a fever and is tired,Pediatric Medicine
anxiety and depression symptoms,"Psychologist, Clinical"
stress management techniques,"Psychologist, Clinical"
depression and low energy,"Psychologist, Clinical"
difficulty sleeping and worry,"Psychologist, Clinical"
overthinking and restlessness,"Psychologist, Clinical"
feeling hopeless and overwhelmed,"Psychologist, Clinical"
relationship problems and mental health,"Psychologist, Clinical"
chronic stress and fatigue,"Psychologist, Clinical"
loss of interest in activities,"Psychologist, Clinical"
social anxiety and isolation,"Psychologist, Clinical"
troubled thoughts and panic attacks,"Psychologist, Clinical"
difficulty concentrating and mood swings,"Psychologist, Clinical"
chronic worry and tension,"Psychologist, Clinical"
sleep issues and emotional pain,"Psychologist, Clinical"
loneliness and emotional distress,"Psychologist, Clinical"
uncontrolled anger and irritability,"Psychologist, Clinical"
memory problems and confusion,"Psychologist, Clinical"
feeling disconnected from others,"Psychologist, Clinical"
sadness and emotional numbness,"Psychologist, Clinical"
persistent sadness and fatigue,"Psychologist, Clinical"
troubled sleep and mood changes,"Psychologist, Clinical"
anxiety about everyday situations,"Psychologist, Clinical"
emotional instability and mood swings,"Psychologist, Clinical"
feelings of worthlessness and guilt,"Psychologist, Clinical"
social withdrawal and emotional pain,"Psychologist, Clinical"
difficulty coping with stress,"Psychologist, Clinical"
emotional numbness and emptiness,"Psychologist, Clinical"
persistent fear and anxiety,"Psychologist, Clinical"
troubled thoughts and emotional pain,"Psychologist, Clinical"
emotional overload and burnout,"Psychologist, Clinical"
anxiety and memory problems,Neuropsychiatry
confusion with aging,Neuropsychiatry
feeling disconnected from others,Neuropsychiatry
mood changes with sleep issues,Neuropsychiatry
difficulty focusing and irritability,Neuropsychiatry
depression and trouble thinking,Neuropsychiatry
losing track of time,Neuropsychiatry
mental fog and mood swings,Neuropsychiatry
sadness with physical symptoms,Neuropsychiatry
memory loss and mood changes,Neuropsychiatry
feeling anxious without a clear reason,Neuropsychiatry
headache with emotional stress,Neuropsychiatry
anger and withdrawal from friends,Neuropsychiatry
difficulty concentrating and sadness,Neuropsychiatry
mood swings and forgetfulness,Neuropsychiatry
feeling lonely and confused,Neuropsychiatry
trouble sleeping and emotional ups and downs,Neuropsychiatry
memory issues and emotional distress,Neuropsychiatry
anxiety with physical symptoms,Neuropsychiatry
sadness and difficulty making decisions,Neuropsychiatry
mood changes and brain fog,Neuropsychiatry
confusion and emotional instability,Neuropsychiatry
feeling depressed and forgetful,Neuropsychiatry
stress affecting mental clarity,Neuropsychiatry
emotional pain and cognitive issues,Neuropsychiatry
difficulty thinking and emotional problems,Neuropsychiatry
anxiety and emotional withdrawal,Neuropsychiatry
memory loss with emotional symptoms,Neuropsychiatry
mood swings and cognitive decline,Neuropsychiatry
feeling disconnected and emotional stress,Neuropsychiatry
I need a nurse practitioner for my diabetes management,Nurse Practitioner
"My symptoms don’t seem to improve, can a nurse practitioner help?",Nurse Practitioner
"I’ve been feeling weak and tired, should I see a nurse practitioner?",Nurse Practitioner
I need help with my medication management,Nurse Practitioner
"I’m worried about my heart health, can a nurse practitioner assist?",Nurse Practitioner
"I have trouble breathing, should I see a nurse practitioner?",Nurse Practitioner
I’m looking for a nurse practitioner in my area,Nurse Practitioner
I need advice on managing my asthma symptoms,Nurse Practitioner
"I have a skin rash, can a nurse practitioner help?",Nurse Practitioner
"I’m experiencing frequent headaches, what should I do?",Nurse Practitioner
I need help with a minor injury treatment,Nurse Practitioner
I’m not sure if I need a doctor or a nurse practitioner,Nurse Practitioner
"I have trouble sleeping, can a nurse practitioner help?",Nurse Practitioner
I need guidance on my chronic pain management,Nurse Practitioner
I’m concerned about my high blood pressure,Nurse Practitioner
I need help with my mental health symptoms,Nurse Practitioner
"I have a minor infection, should I see a nurse practitioner?",Nurse Practitioner
I’m looking for a nurse practitioner for routine checkups,Nurse Practitioner
I need help with my postpartum care,Nurse Practitioner
"I have a persistent cough, what should I do?",Nurse Practitioner
"I’m not feeling well, can a nurse practitioner help?",Nurse Practitioner
I need assistance with my chronic kidney disease,Nurse Practitioner
"I have a sore throat, should I see a nurse practitioner?",Nurse Practitioner
I need help with my diabetes diet plan,Nurse Practitioner
"I’m experiencing stomach pain, what should I do?",Nurse Practitioner
I need advice on my allergy symptoms,Nurse Practitioner
"I have a fever and chills, can a nurse practitioner help?",Nurse Practitioner
I’m looking for a nurse practitioner for my child’s care,Nurse Practitioner
I need help with my hypertension management,Nurse Practitioner
"I have a skin infection, should I see a nurse practitioner?",Nurse Practitioner
My blood test results show high white blood cells,Pathology
I’m worried about my abnormal liver enzymes,Pathology
I have a persistent cough and fatigue,Pathology
I’m concerned about a recent lump in my neck,Pathology
I’ve had a fever for two weeks,Pathology
My urine is dark and I feel tired,Pathology
I’m worried about a skin rash that’s spreading,Pathology
I’ve had headaches and nausea for days,Pathology
I’m concerned about my elevated creatinine levels,Pathology
I’m noticing blood in my urine,Pathology
I’ve had trouble sleeping and weight loss,Pathology
I’m worried about a new growth on my skin,Pathology
I’ve been feeling weak and have a sore throat,Pathology
I’m concerned about my recent blood pressure readings,Pathology
I’m worried about a lump under my arm,Pathology
I’ve had a persistent stomach ache,Pathology
I’m concerned about my recent blood sugar levels,Pathology
I’m noticing unusual bruising,Pathology
I’ve had a persistent cough and chest pain,Pathology
I’m worried about a recent change in my urine color,Pathology
I’m concerned about my recent blood test results,Pathology
I’ve been feeling very tired and have aches,Pathology
I’m worried about a new skin lesion,Pathology
I’ve had a strange taste in my mouth,Pathology
I’m concerned about my recent weight loss,Pathology
I’m noticing changes in my bowel movements,Pathology
I’ve had a fever and chills for days,Pathology
I’m worried about a recent change in my vision,Pathology
I’m concerned about my recent skin discoloration,Pathology
I’ve had a persistent headache and dizziness,Pathology
Looking for an occupational therapist in private practice for daily living help,Occupational Therapist in Private Practice
Need an occupational therapist in private practice for hand therapy,Occupational Therapist in Private Practice
Occupational therapist in private practice for stroke recovery,Occupational Therapist in Private Practice
Searching for occupational therapist in private practice for memory issues,Occupational Therapist in Private Practice
Occupational therapist in private practice for children with autism,Occupational Therapist in Private Practice
Need occupational therapist in private practice for chronic pain management,Occupational Therapist in Private Practice
Looking for occupational therapist in private practice for arthritis,Occupational Therapist in Private Practice
Occupational therapist in private practice for balance and coordination,Occupational Therapist in Private Practice
Seeking occupational therapist in private practice for mental health support,Occupational Therapist in Private Practice
Occupational therapist in private practice for occupational therapy for kids,Occupational Therapist in Private Practice
Need occupational therapist in private practice for work-related injuries,Occupational Therapist in Private Practice
Looking for occupational therapist in private practice for chronic fatigue,Occupational Therapist in Private Practice
Occupational therapist in private practice for aging in place,Occupational Therapist in Private Practice
Seeking occupational therapist in private practice for sensory integration,Occupational Therapist in Private Practice
Need occupational therapist in private practice for post-surgical rehab,Occupational Therapist in Private Practice
Occupational therapist in private practice for handwriting therapy,Occupational Therapist in Private Practice
Looking for occupational therapist in private practice for sleep disorders,Occupational Therapist in Private Practice
Occupational therapist in private practice for anxiety management,Occupational Therapist in Private Practice
Need occupational therapist in private practice for developmental delays,Occupational Therapist in Private Practice
Seeking occupational therapist in private practice for chronic illness,Occupational Therapist in Private Practice
Occupational therapist in private practice for vocational rehab,Occupational Therapist in Private Practice
Looking for occupational therapist in private practice for occupational therapy for adults,Occupational Therapist in Private Practice
Need occupational therapist in private practice for chronic neck pain,Occupational Therapist in Private Practice
Occupational therapist in private practice for workplace ergonomics,Occupational Therapist in Private Practice
Looking for occupational therapist in private practice for sensory processing,Occupational Therapist in Private Practice
Need occupational therapist in private practice for fine motor skills,Occupational Therapist in Private Practice
Occupational therapist in private practice for occupational therapy for seniors,Occupational Therapist in Private Practice
Looking for occupational therapist in private practice for chronic back pain,Occupational Therapist in Private Practice
Need occupational therapist in private practice for occupational therapy for children,Occupational Therapist in Private Practice
Occupational therapist in private practice for occupational therapy for adults,Occupational Therapist in Private Practice
back pain after lifting heavy object,Chiropractic
neck pain from computer work,Chiropractic
shoulder pain and stiffness,Chiropractic
chronic lower back pain,Chiropractic
headaches from poor posture,Chiropractic
hip pain after long walk,Chiropractic
wrist pain from typing,Chiropractic
morning stiffness in joints,Chiropractic
pain in right shoulder blade,Chiropractic
pain in lower back worsens when standing,Chiropractic
pain in left knee after running,Chiropractic
feeling numb in fingers,Chiropractic
pain in upper back from sitting,Chiropractic
pain in knee that swells,Chiropractic
pain in elbow from repetitive motion,Chiropractic
pain in jaw from grinding teeth,Chiropractic
pain in foot after standing all day,Chiropractic
pain in shoulder that radiates,Chiropractic
pain in hip when bending,Chiropractic
pain in neck that radiates to arm,Chiropractic
pain in lower back during sex,Chiropractic
pain in elbow that clicks,Chiropractic
pain in knee that gives way,Chiropractic
pain in wrist that throbs,Chiropractic
pain in hip that aches,Chiropractic
pain in shoulder that limits movement,Chiropractic
pain in lower back that shoots,Chiropractic
pain in neck that feels tight,Chiropractic
pain in knee that burns,Chiropractic
pain in shoulder that feels locked,Chiropractic
I'm experiencing heavy bleeding during my period,Obstetrics & Gynecology
"My period is late, what could it be?",Obstetrics & Gynecology
I'm worried about my irregular periods,Obstetrics & Gynecology
I have lower abdominal pain and cramps,Obstetrics & Gynecology
"I think I might be pregnant, how do I know?",Obstetrics & Gynecology
I'm feeling tired and my period is late,Obstetrics & Gynecology
I have nausea and missed my period,Obstetrics & Gynecology
I'm concerned about my vaginal discharge,Obstetrics & Gynecology
I have a severe headache and back pain,Obstetrics & Gynecology
I'm having trouble sleeping and my period is late,Obstetrics & Gynecology
I have pain during intercourse,Obstetrics & Gynecology
I'm worried about ovarian cysts,Obstetrics & Gynecology
I'm experiencing pain in my lower back,Obstetrics & Gynecology
I have a white discharge with a strong odor,Obstetrics & Gynecology
I'm having trouble with my menstrual cycle,Obstetrics & Gynecology
I have a burning sensation when I urinate,Obstetrics & Gynecology
I'm concerned about my breast pain,Obstetrics & Gynecology
I'm having trouble getting pregnant,Obstetrics & Gynecology
I have heavy bleeding and clots,Obstetrics & Gynecology
I'm experiencing mood swings and fatigue,Obstetrics & Gynecology
I have a persistent sore throat,Obstetrics & Gynecology
I'm worried about endometriosis symptoms,Obstetrics & Gynecology
I have a dull ache in my lower abdomen,Obstetrics & Gynecology
I'm having trouble with my period flow,Obstetrics & Gynecology
I have a fever and lower abdominal pain,Obstetrics & Gynecology
I'm concerned about my pelvic pain,Obstetrics & Gynecology
I'm having irregular periods and mood changes,Obstetrics & Gynecology
I have a painful period with heavy bleeding,Obstetrics & Gynecology
I'm worried about my vaginal health,Obstetrics & Gynecology
I have a bad smell from my vagina,Obstetrics & Gynecology
Physical therapist for back pain,Physical Therapist in Private Practice
Looking for a physical therapist in my area,Physical Therapist in Private Practice
Need help with knee pain recovery,Physical Therapist in Private Practice
Physical therapy for shoulder injury,Physical Therapist in Private Practice
Looking for private practice physical therapist,Physical Therapist in Private Practice
Physical therapist for post-surgery rehab,Physical Therapist in Private Practice
Need physical therapy for chronic pain,Physical Therapist in Private Practice
Physical therapist near me for physical therapy,Physical Therapist in Private Practice
Looking for physical therapy for sprains,Physical Therapist in Private Practice
Physical therapist for hip replacement recovery,Physical Therapist in Private Practice
Physical therapy for carpal tunnel,Physical Therapist in Private Practice
Looking for physical therapist in private practice,Physical Therapist in Private Practice
Physical therapist for lower back pain,Physical Therapist in Private Practice
Need physical therapy for ankle injury,Physical Therapist in Private Practice
Physical therapist for sports injury,Physical Therapist in Private Practice
Looking for physical therapy for arthritis,Physical Therapist in Private Practice
Physical therapist for neck pain,Physical Therapist in Private Practice
Need physical therapy for sciatica,Physical Therapist in Private Practice
Physical therapist for fibromyalgia,Physical Therapist in Private Practice
Looking for physical therapist for rehab,Physical Therapist in Private Practice
Physical therapist for shoulder pain,Physical Therapist in Private Practice
Need physical therapy for elbow pain,Physical Therapist in Private Practice
Physical therapist for wrist injury,Physical Therapist in Private Practice
Looking for physical therapy for sciatica,Physical Therapist in Private Practice
Physical therapist for chronic fatigue,Physical Therapist in Private Practice
Need physical therapy for hand injury,Physical Therapist in Private Practice
Physical therapist for plantar fasciitis,Physical Therapist in Private Practice
Looking for physical therapist for posture issues,Physical Therapist in Private Practice
Physical therapist for chronic neck pain,Physical Therapist in Private Practice
Need physical therapy for foot pain,Physical Therapist in Private Practice
fever and cough for two days,Family Practice
headache and fatigue lasting weeks,Family Practice
sore throat with swollen glands,Family Practice
stomachache and nausea after eating,Family Practice
dizziness and fainting spells,Family Practice
itchy rash on arms and legs,Family Practice
difficulty sleeping and anxiety,Family Practice
chronic back pain and stiffness,Family Practice
cold symptoms not improving,Family Practice
sudden weight loss and appetite changes,Family Practice
swollen feet and leg pain,Family Practice
irregular periods and mood swings,Family Practice
skin irritation and redness,Family Practice
nausea and vomiting after meals,Family Practice
joint pain and stiffness in morning,Family Practice
shortness of breath and chest tightness,Family Practice
unexplained bruising and fatigue,Family Practice
itchy skin and constant scratching,Family Practice
sudden nosebleeds and headaches,Family Practice
constipation and bloating for weeks,Family Practice
sudden memory loss and confusion,Family Practice
earache and muffled hearing,Family Practice
sudden mood changes and irritability,Family Practice
sore throat with white patches,Family Practice
sudden weight gain and swelling,Family Practice
feeling lightheaded and weak,Family Practice
sudden stomach cramps and gas,Family Practice
irritation and redness on face,Family Practice
sudden loss of balance and dizziness,Family Practice
sore joints and stiffness in hands,Family Practice
How can I prevent heart disease?,Preventive Medicine
Should I get a flu shot this year?,Preventive Medicine
What are the signs of a stroke?,Preventive Medicine
How to reduce high blood pressure?,Preventive Medicine
Can diet help with diabetes prevention?,Preventive Medicine
When should I start regular checkups?,Preventive Medicine
What are the best ways to stay healthy?,Preventive Medicine
How to avoid getting the common cold?,Preventive Medicine
What is a healthy weight range?,Preventive Medicine
How to lower cholesterol naturally?,Preventive Medicine
What are the symptoms of cancer?,Preventive Medicine
How to prevent osteoporosis?,Preventive Medicine
Should I take vitamin D supplements?,Preventive Medicine
How to avoid eye problems as I age?,Preventive Medicine
What are the best exercises for health?,Preventive Medicine
How to manage stress for better health?,Preventive Medicine
Can exercise prevent Alzheimer's?,Preventive Medicine
How to avoid colds in the winter?,Preventive Medicine
What are the risks of smoking?,Preventive Medicine
How to prevent falls in older adults?,Preventive Medicine
What are the symptoms of a heart attack?,Preventive Medicine
How to improve sleep quality?,Preventive Medicine
What are the best ways to stay active?,Preventive Medicine
How to prevent skin cancer?,Preventive Medicine
Should I get a colonoscopy?,Preventive Medicine
How to maintain good mental health?,Preventive Medicine
What are the signs of a stroke?,Preventive Medicine
How to prevent urinary tract infections?,Preventive Medicine
What are the benefits of regular exercise?,Preventive Medicine
How to avoid food poisoning?,Preventive Medicine
I need help with a knee injury after soccer,Sports Medicine
My shoulder hurts after throwing a ball,Sports Medicine
I’ve been having recurring ankle pain,Sports Medicine
I sprained my ankle and it's still swollen,Sports Medicine
My hip pain is getting worse with walking,Sports Medicine
I feel pain in my wrist after tennis,Sports Medicine
I’ve been dizzy and my balance is off,Sports Medicine
I’ve been having leg cramps at night,Sports Medicine
My elbow is stiff and painful in the morning,Sports Medicine
I’ve been sore in my neck after lifting weights,Sports Medicine
I feel a popping sound in my knee,Sports Medicine
I have pain in my lower back from running,Sports Medicine
I’m having trouble with my ankle stability,Sports Medicine
I’ve been experiencing shoulder pain during workouts,Sports Medicine
I have numbness in my hand after exercising,Sports Medicine
My foot feels numb after running,Sports Medicine
I have a knee injury and need advice,Sports Medicine
I’m dealing with chronic shoulder pain,Sports Medicine
I’ve been having lower back pain from basketball,Sports Medicine
I feel stiffness in my joints after exercising,Sports Medicine
I have a twisted ankle and it’s not healing,Sports Medicine
I’m having pain in my shin after running,Sports Medicine
I’ve been having hip pain from cycling,Sports Medicine
I feel pain in my elbow when I bend it,Sports Medicine
I have a sore throat after working out,Sports Medicine
I’m dealing with a torn ACL,Sports Medicine
I’ve been having shoulder pain from overhead lifting,Sports Medicine
I have a knee injury and need treatment,Sports Medicine
I’m experiencing pain in my wrist from typing,Sports Medicine
I’ve been having lower back pain from soccer,Sports Medicine
Healthy eating for diabetes management,Registered Dietitian or Nutrition Professional
Weight loss advice for busy adults,Registered Dietitian or Nutrition Professional
Nutrition tips for digestive issues,Registered Dietitian or Nutrition Professional
Low-carb diet for energy boost,Registered Dietitian or Nutrition Professional
Healthy snacks for kids,Registered Dietitian or Nutrition Professional
Diet plan for heart health,Registered Dietitian or Nutrition Professional
Food recommendations for irritable bowel,Registered Dietitian or Nutrition Professional
Weight gain solutions for women,Registered Dietitian or Nutrition Professional
Diet for PCOS symptoms,Registered Dietitian or Nutrition Professional
Nutrition for sleep improvement,Registered Dietitian or Nutrition Professional
Healthy meals for athletes,Registered Dietitian or Nutrition Professional
Eating well with food allergies,Registered Dietitian or Nutrition Professional
Diet for high cholesterol,Registered Dietitian or Nutrition Professional
Nutrition for morning fatigue,Registered Dietitian or Nutrition Professional
Diet plan for joint pain,Registered Dietitian or Nutrition Professional
Food ideas for constipation,Registered Dietitian or Nutrition Professional
Healthy eating during pregnancy,Registered Dietitian or Nutrition Professional
Diet for underactive thyroid,Registered Dietitian or Nutrition Professional
Nutrition for stress management,Registered Dietitian or Nutrition Professional
Eating well with food sensitivities,Registered Dietitian or Nutrition Professional
Diet for acid reflux,Registered Dietitian or Nutrition Professional
Healthy eating for teens,Registered Dietitian or Nutrition Professional
Nutrition for menopause symptoms,Registered Dietitian or Nutrition Professional
Diet for seasonal affective disorder,Registered Dietitian or Nutrition Professional
Food suggestions for anemia,Registered Dietitian or Nutrition Professional
Eating well with IBS,Registered Dietitian or Nutrition Professional
Diet for chronic fatigue,Registered Dietitian or Nutrition Professional
Nutrition for autoimmune conditions,Registered Dietitian or Nutrition Professional
Healthy meal ideas for busy people,Registered Dietitian or Nutrition Professional
Diet for skin health,Registered Dietitian or Nutrition Professional
my chest hurts and I can't catch my breath,Emergency Medicine
I think I have a heart attack,Emergency Medicine
fever and cough for three days,Emergency Medicine
sudden severe headache and confusion,Emergency Medicine
leg swelling and shortness of breath,Emergency Medicine
pain in my left arm and nausea,Emergency Medicine
difficulty breathing and chest pain,Emergency Medicine
I'm feeling dizzy and my hands are shaking,Emergency Medicine
stomach pain and vomiting,Emergency Medicine
sudden severe pain in my lower back,Emergency Medicine
I can't stop bleeding from a cut,Emergency Medicine
my eyes are blurry and I'm seeing spots,Emergency Medicine
I've been dizzy for a day and feel weak,Emergency Medicine
I have a high fever and chills,Emergency Medicine
severe pain in my jaw and face,Emergency Medicine
I'm experiencing nosebleeds often,Emergency Medicine
I'm having trouble moving my right arm,Emergency Medicine
I can't feel my toes and it's numb,Emergency Medicine
sudden loss of vision in one eye,Emergency Medicine
I'm really tired and my heart feels irregular,Emergency Medicine
I have a rash and a fever,Emergency Medicine
I'm having trouble speaking clearly,Emergency Medicine
I'm very short of breath and anxious,Emergency Medicine
I'm bleeding heavily from a wound,Emergency Medicine
I'm not able to walk straight,Emergency Medicine
I'm having chest pain and my blood pressure is low,Emergency Medicine
I'm experiencing severe nausea and vomiting,Emergency Medicine
I have a stiff neck and a high fever,Emergency Medicine
I'm having trouble hearing and confusion,Emergency Medicine
I'm having a severe headache and neck pain,Emergency Medicine
Broken leg treatment options,Orthopedic Surgery
Pain in my knee after sports,Orthopedic Surgery
Shoulder pain and limited movement,Orthopedic Surgery
Fractured wrist recovery time,Orthopedic Surgery
Back pain from sitting too long,Orthopedic Surgery
Knee swelling and stiffness,Orthopedic Surgery
Hip pain when walking,Orthopedic Surgery
Sprained ankle care tips,Orthopedic Surgery
Osteoarthritis symptoms,Orthopedic Surgery
Torn ACL treatment,Orthopedic Surgery
Surgery for hip replacement,Orthopedic Surgery
Leg numbness and weakness,Orthopedic Surgery
Knee clicking during movement,Orthopedic Surgery
Broken bone healing time,Orthopedic Surgery
Shoulder dislocation recovery,Orthopedic Surgery
Foot pain after injury,Orthopedic Surgery
Back surgery options,Orthopedic Surgery
Elbow pain and swelling,Orthopedic Surgery
Wrist fracture symptoms,Orthopedic Surgery
Hip pain and instability,Orthopedic Surgery
Knee pain after injury,Orthopedic Surgery
Leg cramps at night,Orthopedic Surgery
Back pain and sciatica,Orthopedic Surgery
Shoulder pain and stiffness,Orthopedic Surgery
Broken finger treatment,Orthopedic Surgery
Knee pain and swelling,Orthopedic Surgery
Hip pain and inflammation,Orthopedic Surgery
Back pain from lifting,Orthopedic Surgery
Foot pain and bruising,Orthopedic Surgery
Knee injury recovery,Orthopedic Surgery
Having trouble hearing in one ear,Otolaryngology
Snoring with loud noises,Otolaryngology
Throat pain with fever,Otolaryngology
Voice hoarseness lasting weeks,Otolaryngology
Tinnitus in both ears,Otolaryngology
Sore throat with white spots,Otolaryngology
Nasal congestion with postnasal drip,Otolaryngology
Ear pain with fluid drainage,Otolaryngology
Chronic cough with mucus,Otolaryngology
Loud breathing during sleep,Otolaryngology
Thick mucus from nose,Otolaryngology
Hoarse voice with fatigue,Otolaryngology
Earache with pressure,Otolaryngology
Sudden hearing loss in one ear,Otolaryngology
Sore throat with swollen glands,Otolaryngology
Nosebleeds without cause,Otolaryngology
Muffled hearing with ringing,Otolaryngology
Swollen lymph nodes in neck,Otolaryngology
Difficulty swallowing with pain,Otolaryngology
Nasal stuffiness with headache,Otolaryngology
Throat irritation with dryness,Otolaryngology
Ear fullness with pressure,Otolaryngology
Sneezing with runny nose,Otolaryngology
Voice changes with stress,Otolaryngology
Tongue pain with ulcers,Otolaryngology
Nose stuffiness with fatigue,Otolaryngology
Sudden hearing loss with dizziness,Otolaryngology
Throat pain with redness,Otolaryngology
Nasal congestion with sinus pain,Otolaryngology
Hoarse voice with frequent yelling,Otolaryngology
Plantar fasciitis pain in heel,Podiatry
Heel pain that wakes me up at night,Podiatry
Soreness under the ball of my foot,Podiatry
Blisters on my feet from shoes,Podiatry
Foot pain after long walks,Podiatry
Swelling on the side of my foot,Podiatry
Tingling in my toes,Podiatry
Footing pain that feels like a stone,Podiatry
Burning sensation in my foot,Podiatry
Foot blister from wearing shoes,Podiatry
Redness and swelling on my foot,Podiatry
Foot pain after standing all day,Podiatry
Tingling in my foot from sitting too long,Podiatry
Foot numbness when walking,Podiatry
Heel pain that gets worse in the morning,Podiatry
Foot pain that comes and goes,Podiatry
Blisters on both feet from hiking,Podiatry
Foot pain after running,Podiatry
Swelling in the arch of my foot,Podiatry
Foot pain that shoots up my leg,Podiatry
Tingling in both feet at night,Podiatry
Foot pain that feels like a bruise,Podiatry
Heel pain that doesn't go away,Podiatry
Foot pain with no obvious cause,Podiatry
Tingling in my foot from a fall,Podiatry
Foot pain that gets worse with activity,Podiatry
Blisters from wearing socks all day,Podiatry
Foot pain after a long day of work,Podiatry
Tingling in my foot from standing too long,Podiatry
Foot pain that feels like a knot,Podiatry
Cancer and pain management options,Hospice and Palliative Care
End-of-life care for my spouse,Hospice and Palliative Care
Palliative care for chronic illness,Hospice and Palliative Care
Symptoms of hospice care,Hospice and Palliative Care
How to get hospice services,Hospice and Palliative Care
Palliative care for heart failure,Hospice and Palliative Care
Hospice near me for terminal illness,Hospice and Palliative Care
Palliative care for cancer patients,Hospice and Palliative Care
Coping with terminal illness,Hospice and Palliative Care
Hospice for advanced lung disease,Hospice and Palliative Care
Palliative care for dementia,Hospice and Palliative Care
Hospice for liver failure,Hospice and Palliative Care
Palliative care for COPD,Hospice and Palliative Care
Hospice services for stage 4 cancer,Hospice and Palliative Care
Palliative care for pain relief,Hospice and Palliative Care
Hospice care for terminal illness,Hospice and Palliative Care
Palliative care for cancer treatment,Hospice and Palliative Care
Hospice for end-stage illness,Hospice and Palliative Care
Palliative care for chronic pain,Hospice and Palliative Care
Hospice for metastatic cancer,Hospice and Palliative Care
Palliative care for advanced illness,Hospice and Palliative Care
Hospice for severe illness,Hospice and Palliative Care
Palliative care for terminal disease,Hospice and Palliative Care
Hospice for cancer patients,Hospice and Palliative Care
Palliative care for end-of-life care,Hospice and Palliative Care
Hospice for heart problems,Hospice and Palliative Care
Palliative care for terminal cancer,Hospice and Palliative Care
Hospice for advanced disease,Hospice and Palliative Care
Palliative care for severe symptoms,Hospice and Palliative Care
Hospice for life-limiting illness,Hospice and Palliative Care
Eye pain when reading,Ophthalmology
Blurry vision in one eye,Ophthalmology
Floaters in my vision,Ophthalmology
Eye redness and irritation,Ophthalmology
Sudden vision loss,Ophthalmology
Eye itching and burning,Ophthalmology
Dark spots in my field of view,Ophthalmology
Eye dryness and discomfort,Ophthalmology
Eye swelling and pain,Ophthalmology
Light sensitivity in eyes,Ophthalmology
Eye discharge and redness,Ophthalmology
Eye fatigue after long screen time,Ophthalmology
Vision changes in both eyes,Ophthalmology
Eye pain with head injury,Ophthalmology
Eye redness after crying,Ophthalmology
Eye pain that worsens at night,Ophthalmology
Eye pain with neck strain,Ophthalmology
Eye pain after staring at a screen,Ophthalmology
Eye pain with head movement,Ophthalmology
Eye pain and headache together,Ophthalmology
Eye pain with tooth pain,Ophthalmology
Eye pain with sinus issues,Ophthalmology
Eye pain with earache,Ophthalmology
Eye pain with jaw pain,Ophthalmology
Eye pain with neck pain,Ophthalmology
Eye pain with shoulder pain,Ophthalmology
Eye pain with face pain,Ophthalmology
Eye pain with temple pain,Ophthalmology
Eye pain with forehead pain,Ophthalmology
Eye pain with cheek pain,Ophthalmology
Eye pain after long screen time,Optometry
Blurry vision in one eye,Optometry
Dry eyes from computer use,Optometry
Eye strain from reading,Optometry
Tingling in my eyes,Optometry
Eye redness with watering,Optometry
Sudden vision loss in one eye,Optometry
Eye itching with discharge,Optometry
Eye pain with head pressure,Optometry
Wearing contacts causes eye pain,Optometry
Eye fatigue after driving,Optometry
Eye swelling with pain,Optometry
Eye pain behind the eye,Optometry
Eye irritation from wind,Optometry
Eye pain with light sensitivity,Optometry
Eye redness without discharge,Optometry
Eye pain with headaches,Optometry
Eye pain from bright lights,Optometry
Eye pain with coughing,Optometry
Eye pain with bending over,Optometry
Eye pain with sudden movement,Optometry
Eye pain with fatigue,Optometry
Eye pain with eye closure,Optometry
Eye pain with eye movement,Optometry
Eye pain with eye pressure,Optometry
Eye pain with eye twitching,Optometry
Eye pain with eye swelling,Optometry
Eye pain with eye fatigue,Optometry
Eye pain with eye strain,Optometry
Eye pain with eye discomfort,Optometry
I need help with chronic back pain,Physical Medicine and Rehabilitation
My leg is numb and I feel weak,Physical Medicine and Rehabilitation
I have trouble walking after surgery,Physical Medicine and Rehabilitation
I'm recovering from a knee replacement,Physical Medicine and Rehabilitation
My shoulder pain won't go away,Physical Medicine and Rehabilitation
I'm having trouble with balance and coordination,Physical Medicine and Rehabilitation
I need advice on physical therapy after a stroke,Physical Medicine and Rehabilitation
I have persistent fatigue after an injury,Physical Medicine and Rehabilitation
I'm struggling with mobility after a car accident,Physical Medicine and Rehabilitation
I'm not able to lift things without pain,Physical Medicine and Rehabilitation
I have recurring headaches and dizziness,Physical Medicine and Rehabilitation
I need help with rehabilitation after a spinal injury,Physical Medicine and Rehabilitation
I'm having trouble with muscle weakness on one side,Physical Medicine and Rehabilitation
I'm recovering from a hip fracture,Physical Medicine and Rehabilitation
I need guidance on managing pain after a surgery,Physical Medicine and Rehabilitation
I'm having trouble with joint stiffness,Physical Medicine and Rehabilitation
I'm trying to regain strength after a sports injury,Physical Medicine and Rehabilitation
I have difficulty moving my fingers,Physical Medicine and Rehabilitation
I need help with physical therapy for a brain injury,Physical Medicine and Rehabilitation
I'm experiencing pain in my neck and shoulders,Physical Medicine and Rehabilitation
I'm trying to improve my balance and coordination,Physical Medicine and Rehabilitation
I need assistance with daily activities after an injury,Physical Medicine and Rehabilitation
I have trouble with reflexes and movement,Physical Medicine and Rehabilitation
I'm recovering from a heart attack,Physical Medicine and Rehabilitation
I'm having trouble with muscle spasms,Physical Medicine and Rehabilitation
I need help with rehabilitation after a fall,Physical Medicine and Rehabilitation
I'm struggling with mobility and independence,Physical Medicine and Rehabilitation
I have difficulty with posture and movement,Physical Medicine and Rehabilitation
I need advice on physical therapy for a stroke,Physical Medicine and Rehabilitation
I'm having trouble with coordination and control,Physical Medicine and Rehabilitation
Anesthesia for surgery,Anesthesiology
Pain during surgery,Anesthesiology
Nerve damage after anesthesia,Anesthesiology
Anesthesia side effects,Anesthesiology
Anesthesia and memory loss,Anesthesiology
Anesthesia risks,Anesthesiology
Anesthesia for childbirth,Anesthesiology
Anesthesia and drowsiness,Anesthesiology
Anesthesia recovery time,Anesthesiology
Anesthesia for dental work,Anesthesiology
Anesthesia for minor procedures,Anesthesiology
Anesthesia and nausea,Anesthesiology
Anesthesia and confusion,Anesthesiology
Anesthesia for elderly patients,Anesthesiology
Anesthesia and heart problems,Anesthesiology
Anesthesia and breathing issues,Anesthesiology
Anesthesia for children,Anesthesiology
Anesthesia and allergies,Anesthesiology
Anesthesia and swelling,Anesthesiology
Anesthesia and stiffness,Anesthesiology
Anesthesia and fatigue,Anesthesiology
Anesthesia and sleepiness,Anesthesiology
Anesthesia and numbness,Anesthesiology
Anesthesia and muscle weakness,Anesthesiology
Anesthesia and headaches,Anesthesiology
Anesthesia and vomiting,Anesthesiology
Anesthesia and anxiety,Anesthesiology
Anesthesia and pain relief,Anesthesiology
Anesthesia for cancer treatment,Anesthesiology
Anesthesia and infection risk,Anesthesiology
"Red, scaly patches on hands",Dermatology
Itchiness on my neck that won't go away,Dermatology
Pimple-like bumps on my face,Dermatology
Skin turning red after sun exposure,Dermatology
Flaky skin on my arms and legs,Dermatology
Blisters on my feet from no apparent cause,Dermatology
Purple spots on my legs,Dermatology
"Dry, cracked skin on my heels",Dermatology
Rash that comes and goes on my chest,Dermatology
Sudden skin discoloration on my forehead,Dermatology
Bumps that feel itchy and sore,Dermatology
Skin irritation after using new soap,Dermatology
Rash spreading on my arms and legs,Dermatology
Dark spots on my face that don't fade,Dermatology
Sudden rash after eating something,Dermatology
Skin peeling on my forehead,Dermatology
Red bumps on my cheeks,Dermatology
Itchy skin that doesn't stop,Dermatology
Skin flaking in winter,Dermatology
Blisters on my hands from washing dishes,Dermatology
Redness and pain on my shin,Dermatology
Skin discoloration under my eyes,Dermatology
Bumps that come and go on my back,Dermatology
Itchy rash on my arms,Dermatology
Skin irritation after swimming in a pool,Dermatology
Red patches on my knees,Dermatology
Sudden skin rash after a haircut,Dermatology
Skin that feels tight and dry,Dermatology
Bumps on my neck that are painful,Dermatology
"Red, raised spots on my forehead",Dermatology
nighttime trouble falling asleep,Sleep Medicine
can't stay asleep through the night,Sleep Medicine
sleeping a lot but still feel tired,Sleep Medicine
sleeping too much during the day,Sleep Medicine
difficulty falling asleep on weekends,Sleep Medicine
waking up a lot during the night,Sleep Medicine
sleeping poorly after dinner,Sleep Medicine
restless legs syndrome symptoms,Sleep Medicine
sleeping too much but not feeling refreshed,Sleep Medicine
feeling sleepy during the day even after sleep,Sleep Medicine
sleep issues after a stressful day,Sleep Medicine
sleeping irregularly due to work schedule,Sleep Medicine
sleep disturbances in children,Sleep Medicine
sleep problems with a cold or flu,Sleep Medicine
sleeping more than 9 hours a night,Sleep Medicine
sleeping too little but still tired,Sleep Medicine
difficulty falling asleep in the evening,Sleep Medicine
sleep issues related to anxiety,Sleep Medicine
sleep problems after a big meal,Sleep Medicine
sleeping through the night but waking up tired,Sleep Medicine
sleeping a lot but not able to concentrate,Sleep Medicine
sleep disturbances during pregnancy,Sleep Medicine
sleep problems with a new baby,Sleep Medicine
sleep issues after a head injury,Sleep Medicine
sleeping too much but no one else is tired,Sleep Medicine
sleep problems with a new job,Sleep Medicine
sleep disturbances in elderly adults,Sleep Medicine
sleeping too much but not feeling rested,Sleep Medicine
sleep issues after a surgery,Sleep Medicine
sleep problems with a new medication,Sleep Medicine
Nightmare-like dreams and fatigue,Diagnostic Radiology
Stiff neck and shoulder pain,Diagnostic Radiology
Tingling in fingers and toes,Diagnostic Radiology
Persistent cough with mucus,Diagnostic Radiology
Frequent headaches and dizziness,Diagnostic Radiology
Swelling in legs and ankles,Diagnostic Radiology
Sudden weight loss and hunger,Diagnostic Radiology
Bowel movements change in pattern,Diagnostic Radiology
Blood in stool and cramps,Diagnostic Radiology
Fatigue and muscle aches,Diagnostic Radiology
Difficulty concentrating and memory loss,Diagnostic Radiology
Nausea and vomiting without cause,Diagnostic Radiology
Unexplained bruising and pain,Diagnostic Radiology
Cold hands and feet despite warmth,Diagnostic Radiology
Persistent sneezing and runny nose,Diagnostic Radiology
Sudden vision blurring and light sensitivity,Diagnostic Radiology
Irregular heartbeat and palpitations,Diagnostic Radiology
Shortness of breath and chest tightness,Diagnostic Radiology
Persistent earache and hearing loss,Diagnostic Radiology
Sudden confusion and forgetfulness,Diagnostic Radiology
Frequent urination and thirst,Diagnostic Radiology
Itchy rash and skin redness,Diagnostic Radiology
Unexplained fever and chills,Diagnostic Radiology
Numbness in hand or foot,Diagnostic Radiology
Persistent back pain and stiffness,Diagnostic Radiology
Sudden mood changes and anxiety,Diagnostic Radiology
Fatigue and inability to sleep,Diagnostic Radiology
Sudden weight gain and swelling,Diagnostic Radiology
Stomach pain and bloating,Diagnostic Radiology
Persistent ringing in ears,Diagnostic Radiology
Family member has unusual birthmarks,Medical Genetics and Genomics
Child frequently gets infections,Medical Genetics and Genomics
Losing hair with age,Medical Genetics and Genomics
Frequent nosebleeds without cause,Medical Genetics and Genomics
Swollen joints since childhood,Medical Genetics and Genomics
Developmental delays in toddler,Medical Genetics and Genomics
Family history of heart issues,Medical Genetics and Genomics
Eyesight problems in both eyes,Medical Genetics and Genomics
Unexplained weight loss and fatigue,Medical Genetics and Genomics
Skin rashes that come and go,Medical Genetics and Genomics
Sudden hearing loss in one ear,Medical Genetics and Genomics
Recurrent ear infections,Medical Genetics and Genomics
Family cancer history,Medical Genetics and Genomics
Tingling in hands and feet,Medical Genetics and Genomics
Sleeping a lot but not tired,Medical Genetics and Genomics
Birth defects in multiple family members,Medical Genetics and Genomics
Unusual bruising easily,Medical Genetics and Genomics
Frequent stomach aches in child,Medical Genetics and Genomics
Family heart rhythm issues,Medical Genetics and Genomics
Sudden speech changes,Medical Genetics and Genomics
Eyesight worsening quickly,Medical Genetics and Genomics
Unexplained skin pigmentation changes,Medical Genetics and Genomics
Frequent nosebleeds in child,Medical Genetics and Genomics
Family mental health history,Medical Genetics and Genomics
Tingling in legs at night,Medical Genetics and Genomics
Unexplained muscle weakness,Medical Genetics and Genomics
Frequent colds and coughs,Medical Genetics and Genomics
Family blood clot history,Medical Genetics and Genomics
Sudden vision loss in one eye,Medical Genetics and Genomics
Unexplained skin growths,Medical Genetics and Genomics
Headache that won't go away,Neurology
Memory problems getting worse,Neurology
Stiff neck and confusion,Neurology
Falling often without knowing why,Neurology
Tingling in hands and feet,Neurology
Seizures lately,Neurology
Trouble focusing and losing balance,Neurology
Dizziness and blurred vision,Neurology
Swelling in legs and confusion,Neurology
Sudden speech difficulties,Neurology
Numbness on one side,Neurology
Feeling faint and shaky,Neurology
Sleeping a lot but not feeling well,Neurology
Strange noises in ears,Neurology
Fatigue and mood changes,Neurology
Loss of appetite and confusion,Neurology
Walking clumsily,Neurology
Severe migraines with nausea,Neurology
Sudden hearing loss,Neurology
Unexplained weight loss and anxiety,Neurology
Confusion and trouble speaking,Neurology
Sudden vision loss in one eye,Neurology
Tingling in fingers and weakness,Neurology
Memory lapses and mood swings,Neurology
Stiffness in joints and fatigue,Neurology
Headache with stiff neck,Neurology
Trouble with balance and coordination,Neurology
Sudden changes in behavior,Neurology
Dizziness and difficulty walking,Neurology
Swollen hands and feet,Neurology
Nuclear medicine scans for pain in my chest,Nuclear Medicine
My doctor said I need a nuclear scan for my thyroid,Nuclear Medicine
I’m worried about a nuclear medicine test,Nuclear Medicine
Nuclear medicine for bone pain diagnosis,Nuclear Medicine
I had a nuclear scan and it was abnormal,Nuclear Medicine
What does a nuclear medicine scan show?,Nuclear Medicine
Nuclear medicine for heart problems,Nuclear Medicine
I’m concerned about my heart with nuclear tests,Nuclear Medicine
Nuclear medicine for thyroid issues,Nuclear Medicine
Why would I need a nuclear medicine test?,Nuclear Medicine
Nuclear medicine and cancer detection,Nuclear Medicine
I have a lump and need nuclear imaging,Nuclear Medicine
Nuclear medicine for liver problems,Nuclear Medicine
What’s involved in a nuclear medicine scan?,Nuclear Medicine
I’m scared of nuclear medicine procedures,Nuclear Medicine
Nuclear medicine for joint pain,Nuclear Medicine
I need to schedule a nuclear medicine exam,Nuclear Medicine
Nuclear medicine for brain disorders,Nuclear Medicine
What are the risks of nuclear medicine?,Nuclear Medicine
I have symptoms and need nuclear testing,Nuclear Medicine
Nuclear medicine for cancer staging,Nuclear Medicine
I’m looking for nuclear medicine clinics,Nuclear Medicine
Nuclear medicine and radiation exposure,Nuclear Medicine
I’m concerned about radiation from nuclear tests,Nuclear Medicine
Nuclear medicine for lung conditions,Nuclear Medicine
What happens during a nuclear medicine scan?,Nuclear Medicine
I need help with nuclear medicine insurance,Nuclear Medicine
Nuclear medicine for abdominal pain,Nuclear Medicine
I have a family history of cancer and nuclear tests,Nuclear Medicine
Nuclear medicine for neurological issues,Nuclear Medicine
Managing withdrawal symptoms from alcohol,Addiction Medicine
Opioid use and difficulty sleeping,Addiction Medicine
Trying to quit smoking but struggling,Addiction Medicine
Nausea and shaking after drug use,Addiction Medicine
Fatigue from long-term substance use,Addiction Medicine
Tiredness and mood swings after meth use,Addiction Medicine
Cravings for benzodiazepines,Addiction Medicine
Drug use affecting my job performance,Addiction Medicine
Hypertension and substance use,Addiction Medicine
Withdrawal from prescription pain meds,Addiction Medicine
Sleep issues with marijuana use,Addiction Medicine
Addiction affecting family relationships,Addiction Medicine
Sudden weight loss with drug use,Addiction Medicine
Anxiety and depression from alcohol,Addiction Medicine
Drug use leading to missed work,Addiction Medicine
Dizziness after using inhalants,Addiction Medicine
Tremors and anxiety from cocaine,Addiction Medicine
Fatigue and irritability from heroin,Addiction Medicine
Withdrawal from stimulants,Addiction Medicine
Mood changes with cannabis use,Addiction Medicine
Addiction impacting school performance,Addiction Medicine
Nausea and dizziness from meth,Addiction Medicine
Sleep problems with prescription drugs,Addiction Medicine
Cravings for opioids,Addiction Medicine
Drug use causing memory loss,Addiction Medicine
Withdrawal symptoms from benzodiazepines,Addiction Medicine
Tiredness from long-term drug use,Addiction Medicine
Anxiety and restlessness from drugs,Addiction Medicine
Addiction affecting daily life,Addiction Medicine
Fatigue and confusion after drug use,Addiction Medicine
Allergy causing sneezing and itchy eyes,Allergy/ Immunology
Nasal congestion with possible allergy,Allergy/ Immunology
Itchy skin after eating new food,Allergy/ Immunology
Allergic reaction to pollen season,Allergy/ Immunology
"Red, itchy rash on hands",Allergy/ Immunology
Allergy symptoms worsening this week,Allergy/ Immunology
Swelling around eyes and mouth,Allergy/ Immunology
Allergy to bees and stings,Allergy/ Immunology
Coughing with postnasal drip,Allergy/ Immunology
Allergy to dust mites in home,Allergy/ Immunology
Sneezing all day long,Allergy/ Immunology
Allergy symptoms in children,Allergy/ Immunology
Hives after taking medication,Allergy/ Immunology
Allergy to certain foods,Allergy/ Immunology
Itchy skin with red bumps,Allergy/ Immunology
Allergy to pet dander,Allergy/ Immunology
Rash after swimming in pool,Allergy/ Immunology
Allergy to flowers in garden,Allergy/ Immunology
Nasal stuffiness and headaches,Allergy/ Immunology
Allergy symptoms in winter,Allergy/ Immunology
Itchy eyes and runny nose,Allergy/ Immunology
Allergy to mold in house,Allergy/ Immunology
Sneezing and coughing together,Allergy/ Immunology
Allergy to certain foods,Allergy/ Immunology
"Red, raised patches on skin",Allergy/ Immunology
Allergy symptoms lasting weeks,Allergy/ Immunology
Itchy mouth and throat,Allergy/ Immunology
Allergy to insect bites,Allergy/ Immunology
Rash with itching and burning,Allergy/ Immunology
Allergy to outdoor plants,Allergy/ Immunology
Trouble hearing in one ear,Audiologist
Muffled hearing when talking,Audiologist
Hearing loss after a cold,Audiologist
Tinnitus that won’t go away,Audiologist
Strange sounds in my ears,Audiologist
Hearing better in one ear,Audiologist
Difficulty understanding speech,Audiologist
Ear pain with hearing loss,Audiologist
Hearing changes suddenly,Audiologist
Noise in my ears all day,Audiologist
Hearing loss in my child,Audiologist
Earache with muffled hearing,Audiologist
Hearing problems after a head injury,Audiologist
Tinnitus and hearing loss,Audiologist
Hearing better when I tilt my head,Audiologist
Hearing loss in both ears,Audiologist
Ear discomfort with ringing,Audiologist
Hearing issues during sleep,Audiologist
Tinnitus that gets worse at night,Audiologist
Hearing loss from loud noises,Audiologist
Ear pressure with hearing changes,Audiologist
Hearing problems after a flu,Audiologist
Tinnitus and ringing in ears,Audiologist
Hearing loss with dizziness,Audiologist
Ear pain and hearing trouble,Audiologist
Hearing issues with a cold,Audiologist
Tinnitus and muffled hearing,Audiologist
Hearing loss in one ear only,Audiologist
Ear discomfort and ringing sounds,Audiologist
Hearing problems with a head injury,Audiologist
Hand pain that won't go away,Hand Surgery
Numbness in my fingers,Hand Surgery
Pain when gripping objects,Hand Surgery
Tingling in my hand at night,Hand Surgery
Wrist injury that won't heal,Hand Surgery
Hand swelling and stiffness,Hand Surgery
Pain in the palm of my hand,Hand Surgery
Popping sound in my wrist,Hand Surgery
Difficulty lifting heavy things,Hand Surgery
Hand injury from a fall,Hand Surgery
Pain in the thumb joint,Hand Surgery
Wrist pain after sports,Hand Surgery
Hand weakness and fatigue,Hand Surgery
Popping in my hand joint,Hand Surgery
Tendons in my hand hurting,Hand Surgery
Hand injury from a cut,Hand Surgery
Pain in the little finger,Hand Surgery
Wrist pain that comes and goes,Hand Surgery
Hand swelling after an injury,Hand Surgery
Thumb pain that radiates,Hand Surgery
Pain in the back of my hand,Hand Surgery
Wrist stiffness and pain,Hand Surgery
Hand injury from a sports game,Hand Surgery
Pain in the palm and wrist,Hand Surgery
Hand numbness with tingling,Hand Surgery
Wrist pain from repetitive motion,Hand Surgery
Hand injury from a sharp object,Hand Surgery
Pain in the middle finger,Hand Surgery
Wrist swelling and pain,Hand Surgery
Hand injury that won't stop hurting,Hand Surgery
fever and cough for 3 days,Physician Assistant
pain in my shoulder blade,Physician Assistant
headache and fatigue for 2 weeks,Physician Assistant
swollen glands and fever,Physician Assistant
difficulty breathing at night,Physician Assistant
persistent stomach ache,Physician Assistant
rash on my arms and legs,Physician Assistant
itching all over body,Physician Assistant
nausea and vomiting,Physician Assistant
joint pain and stiffness,Physician Assistant
heartburn and indigestion,Physician Assistant
constant tiredness and weight loss,Physician Assistant
cold symptoms lasting weeks,Physician Assistant
unexplained weight loss,Physician Assistant
night sweats and fever,Physician Assistant
chest pain and shortness of breath,Physician Assistant
difficulty swallowing,Physician Assistant
swelling in my feet,Physician Assistant
irritability and mood changes,Physician Assistant
memory problems and confusion,Physician Assistant
persistent nosebleeds,Physician Assistant
sudden changes in vision,Physician Assistant
pain in my lower back,Physician Assistant
dry cough with mucus,Physician Assistant
feeling lightheaded,Physician Assistant
itchy skin and red bumps,Physician Assistant
loss of appetite and bloating,Physician Assistant
fever with chills and body aches,Physician Assistant
pain in my ears,Physician Assistant
headache with blurred vision,Physician Assistant
"After a car accident, I need plastic surgery for a scar.",Plastic and Reconstructive Surgery
My nose is crooked after a childhood injury.,Plastic and Reconstructive Surgery
I have a burn on my hand from a hot pot.,Plastic and Reconstructive Surgery
I’m worried about a lump on my face.,Plastic and Reconstructive Surgery
I need help with a skin graft after a severe injury.,Plastic and Reconstructive Surgery
I have a keloid scar on my elbow.,Plastic and Reconstructive Surgery
I’m looking for surgery to fix a cleft lip.,Plastic and Reconstructive Surgery
I have a deep cut on my leg that won’t heal.,Plastic and Reconstructive Surgery
I need a facelift after significant weight loss.,Plastic and Reconstructive Surgery
I’m concerned about a skin cancer diagnosis.,Plastic and Reconstructive Surgery
I have a tattoo that looks uneven.,Plastic and Reconstructive Surgery
I need surgery for a wound from a fall.,Plastic and Reconstructive Surgery
I’m looking for a surgeon to fix a nosebleed.,Plastic and Reconstructive Surgery
I have a cyst on my neck that’s painful.,Plastic and Reconstructive Surgery
I need help with a torn muscle in my face.,Plastic and Reconstructive Surgery
I’m worried about a facial asymmetry.,Plastic and Reconstructive Surgery
I have a broken nose and want to correct it.,Plastic and Reconstructive Surgery
I need a skin removal surgery for a mole.,Plastic and Reconstructive Surgery
I’m looking for a surgeon to fix a lip injury.,Plastic and Reconstructive Surgery
I have a severe scar from an accident.,Plastic and Reconstructive Surgery
I need help with a facial reconstruction after trauma.,Plastic and Reconstructive Surgery
I’m concerned about a skin ulcer on my leg.,Plastic and Reconstructive Surgery
I have a deformity from a childhood illness.,Plastic and Reconstructive Surgery
I need surgery for a severe sunburn.,Plastic and Reconstructive Surgery
I’m worried about a skin growth on my face.,Plastic and Reconstructive Surgery
I have a wound that’s not healing properly.,Plastic and Reconstructive Surgery
I need a surgeon for a facial trauma repair.,Plastic and Reconstructive Surgery
I’m looking for help with a facial defect from surgery.,Plastic and Reconstructive Surgery
I have a scar that’s causing emotional distress.,Plastic and Reconstructive Surgery
I need a procedure to fix a broken jaw.,Plastic and Reconstructive Surgery
Frequency of urination,Urology
Blood in urine,Urology
Urinary tract infection symptoms,Urology
Difficulty starting urine flow,Urology
Pain during urination,Urology
Urinary incontinence,Urology
Frequent nighttime urination,Urology
Urinary retention,Urology
Bladder pain,Urology
Urinary urgency,Urology
Weak stream when urinating,Urology
Pain in lower abdomen,Urology
Urinary tract infection treatment,Urology
Urinary tract infection causes,Urology
Urinary tract infection duration,Urology
Urinary tract infection home remedies,Urology
Urinary tract infection prevention,Urology
Urinary tract infection symptoms in women,Urology
Urinary tract infection symptoms in men,Urology
Urinary tract infection recurrence,Urology
Urinary tract infection after sex,Urology
Urinary tract infection in children,Urology
Urinary tract infection in elderly,Urology
Urinary tract infection medication,Urology
Urinary tract infection natural remedies,Urology
Urinary tract infection test,Urology
Urinary tract infection home care,Urology
Urinary tract infection diet,Urology
Urinary tract infection symptoms duration,Urology
Urinary tract infection treatment options,Urology
Toothache that won’t go away,Dentist
Bad tooth pain after eating,Dentist
Mouth sores that won’t heal,Dentist
Tooth sensitivity when drinking cold things,Dentist
Dentist for chipped tooth,Dentist
Loose tooth causing worry,Dentist
Gum pain near the front teeth,Dentist
Tooth pain that gets worse at night,Dentist
Missing tooth affecting speech,Dentist
Swollen gums with bleeding,Dentist
Tooth decay on front tooth,Dentist
Tooth pain after a filling,Dentist
Gum infection around a tooth,Dentist
Tooth pain with bad breath,Dentist
Dentist for broken tooth,Dentist
Toothache that comes and goes,Dentist
Gum line irritation,Dentist
Tooth pain from a cavity,Dentist
Dentist for root canal,Dentist
Tooth pain that doesn’t respond to over-the-counter meds,Dentist
Gum recession around teeth,Dentist
Tooth pain after a dental procedure,Dentist
Dentist for dental cleaning,Dentist
Tooth pain with difficulty chewing,Dentist
Gum pain that doesn’t go away,Dentist
Toothache that started recently,Dentist
Dentist for tooth extraction,Dentist
Tooth pain with a swollen cheek,Dentist
Gum infection that’s spreading,Dentist
Tooth pain that gets worse with pressure,Dentist
Fall prevention strategies for older adults,Geriatric Medicine
Memory loss in my 70-year-old parent,Geriatric Medicine
Managing chronic pain in seniors,Geriatric Medicine
Slurred speech and confusion in my grandmother,Geriatric Medicine
Difficulty walking with age,Geriatric Medicine
Senior depression symptoms and treatment,Geriatric Medicine
Balance issues and risk of falling,Geriatric Medicine
Senior sleep disturbances,Geriatric Medicine
Memory problems in elderly patients,Geriatric Medicine
Frequent urination in older men,Geriatric Medicine
Fatigue in elderly women,Geriatric Medicine
Senior heart symptoms to watch for,Geriatric Medicine
Dizziness in older adults,Geriatric Medicine
Senior nutrition tips,Geriatric Medicine
Cognitive decline in 80-year-old,Geriatric Medicine
Senior mobility challenges,Geriatric Medicine
Senior mental health concerns,Geriatric Medicine
Difficulty swallowing in elderly,Geriatric Medicine
Senior hearing loss effects,Geriatric Medicine
Senior vision problems,Geriatric Medicine
Senior digestive issues,Geriatric Medicine
Senior respiratory symptoms,Geriatric Medicine
Senior joint pain management,Geriatric Medicine
Senior skin care concerns,Geriatric Medicine
Senior fatigue causes,Geriatric Medicine
Senior weight loss concerns,Geriatric Medicine
Senior digestion issues,Geriatric Medicine
Senior mobility aid options,Geriatric Medicine
Senior mental health support,Geriatric Medicine
Senior memory loss solutions,Geriatric Medicine
CT scan for blood clots in leg,Interventional Radiology
Treatment for blocked arteries in legs,Interventional Radiology
Pain in leg after leg surgery,Interventional Radiology
When to see interventional radiologist,Interventional Radiology
Minimally invasive surgery for kidney stones,Interventional Radiology
How to get rid of leg swelling quickly,Interventional Radiology
Non-surgical treatment for varicose veins,Interventional Radiology
Need a procedure for deep vein thrombosis,Interventional Radiology
What's the alternative to open surgery,Interventional Radiology
Treatment for aneurysm in abdomen,Interventional Radiology
Pain from atherosclerosis in legs,Interventional Radiology
How to fix blocked arteries without surgery,Interventional Radiology
Should I get an angiogram,Interventional Radiology
Leg pain from poor blood flow,Interventional Radiology
Non-invasive way to treat clots,Interventional Radiology
When is a catheter procedure needed,Interventional Radiology
Treatment for abdominal aortic aneurysm,Interventional Radiology
Pain from a blood clot in leg,Interventional Radiology
How to get a leg angiogram,Interventional Radiology
Minimally invasive treatment for clots,Interventional Radiology
What's the best way to treat a blockage,Interventional Radiology
Need a procedure for leg pain,Interventional Radiology
How to treat leg swelling from clots,Interventional Radiology
When is surgery needed for leg pain,Interventional Radiology
Treatment for leg cramps from clots,Interventional Radiology
Non-surgical options for leg blockages,Interventional Radiology
What's the procedure for clots in legs,Interventional Radiology
How to get a catheter placement,Interventional Radiology
Treatment for leg pain and clots,Interventional Radiology
When to get a vascular procedure,Interventional Radiology
back pain relief with osteopathy,Osteopathic Manipulative Medicine
treatment for chronic neck pain,Osteopathic Manipulative Medicine
do osteopaths help with headaches,Osteopathic Manipulative Medicine
osteopathy for sciatica relief,Osteopathic Manipulative Medicine
pain from herniated disc,Osteopathic Manipulative Medicine
osteopathy for lower back pain,Osteopathic Manipulative Medicine
can osteopathy help with arthritis,Osteopathic Manipulative Medicine
how does osteopathy treat joint pain,Osteopathic Manipulative Medicine
osteopathy for muscle tension,Osteopathic Manipulative Medicine
pain in shoulders from poor posture,Osteopathic Manipulative Medicine
osteopathy for migraines,Osteopathic Manipulative Medicine
relieve carpal tunnel with osteopathy,Osteopathic Manipulative Medicine
osteopathy for tennis elbow,Osteopathic Manipulative Medicine
pain in hips from sitting too long,Osteopathic Manipulative Medicine
osteopathy for sprains,Osteopathic Manipulative Medicine
does osteopathy work for sciatica,Osteopathic Manipulative Medicine
osteopathy for fibromyalgia,Osteopathic Manipulative Medicine
pain in legs from sitting too long,Osteopathic Manipulative Medicine
osteopathy for sports injuries,Osteopathic Manipulative Medicine
relieve leg cramps with osteopathy,Osteopathic Manipulative Medicine
osteopathy for nerve pain,Osteopathic Manipulative Medicine
pain in feet from overuse,Osteopathic Manipulative Medicine
osteopathy for sciatica,Osteopathic Manipulative Medicine
relieve lower back pain with osteopathy,Osteopathic Manipulative Medicine
osteopathy for neck stiffness,Osteopathic Manipulative Medicine
pain in shoulders from computer use,Osteopathic Manipulative Medicine
osteopathy for joint pain,Osteopathic Manipulative Medicine
does osteopathy help with back pain,Osteopathic Manipulative Medicine
osteopathy for muscle soreness,Osteopathic Manipulative Medicine
relieve pain from whiplash with osteopathy,Osteopathic Manipulative Medicine
anxiety and trouble sleeping,Psychiatry
depressed mood lasting weeks,Psychiatry
thinking about suicide,Psychiatry
loss of interest in activities,Psychiatry
feeling overwhelmed all the time,Psychiatry
mood swings without reason,Psychiatry
difficulty concentrating,Psychiatry
chronic stress and fatigue,Psychiatry
feeling hopeless and unmotivated,Psychiatry
social withdrawal and isolation,Psychiatry
changes in appetite and weight,Psychiatry
irritability and anger issues,Psychiatry
hallucinations and paranoia,Psychiatry
memory problems and confusion,Psychiatry
restless legs and insomnia,Psychiatry
panic attacks and heart palpitations,Psychiatry
chronic pain with no clear cause,Psychiatry
low energy and constant tiredness,Psychiatry
withdrawal from friends and family,Psychiatry
difficulty making decisions,Psychiatry
feeling detached from reality,Psychiatry
mood changes with no trigger,Psychiatry
nightmares and sleep disturbances,Psychiatry
unexplained weight loss or gain,Psychiatry
chronic loneliness and sadness,Psychiatry
difficulty managing daily tasks,Psychiatry
feeling numb and disconnected,Psychiatry
mood swings and emotional instability,Psychiatry
excessive worry and anxiety,Psychiatry
withdrawal from work and responsibilities,Psychiatry
My child has a heart defect since birth,Adult Congenital Heart Disease
I'm worried about my daughter's heart condition,Adult Congenital Heart Disease
What are the symptoms of congenital heart disease?,Adult Congenital Heart Disease
Can congenital heart disease be cured?,Adult Congenital Heart Disease
My baby was born with a heart issue,Adult Congenital Heart Disease
How does congenital heart disease affect children?,Adult Congenital Heart Disease
What should I do if my child has a heart problem?,Adult Congenital Heart Disease
I'm concerned about my son's heart health,Adult Congenital Heart Disease
Is congenital heart disease hereditary?,Adult Congenital Heart Disease
My child is having trouble breathing,Adult Congenital Heart Disease
What are the long-term effects of heart defects?,Adult Congenital Heart Disease
How can I help my child with heart disease?,Adult Congenital Heart Disease
My child's heart is not beating right,Adult Congenital Heart Disease
I need advice on congenital heart disease,Adult Congenital Heart Disease
What causes congenital heart defects?,Adult Congenital Heart Disease
My child is having chest pain,Adult Congenital Heart Disease
Are there treatments for heart defects?,Adult Congenital Heart Disease
I'm worried about my child's heart growth,Adult Congenital Heart Disease
What are the risks of congenital heart disease?,Adult Congenital Heart Disease
How do I know if my child has a heart issue?,Adult Congenital Heart Disease
My child is showing signs of heart disease,Adult Congenital Heart Disease
What are the common heart problems in babies?,Adult Congenital Heart Disease
I'm looking for support for a child with heart disease,Adult Congenital Heart Disease
How does heart disease affect a child's life?,Adult Congenital Heart Disease
My child's heart is not working properly,Adult Congenital Heart Disease
What are the symptoms in adults with congenital heart disease?,Adult Congenital Heart Disease
I'm concerned about my adult child's heart health,Adult Congenital Heart Disease
How can I find a specialist for heart disease?,Adult Congenital Heart Disease
What are the treatment options for heart defects?,Adult Congenital Heart Disease
My child is struggling with heart-related issues,Adult Congenital Heart Disease
heart failure symptoms and treatments,Advanced Heart Failure and Transplant Cardiology
experiencing shortness of breath at night,Advanced Heart Failure and Transplant Cardiology
tired and swollen legs with heart failure,Advanced Heart Failure and Transplant Cardiology
what to do if I have a heart attack,Advanced Heart Failure and Transplant Cardiology
heart failure and lifestyle changes,Advanced Heart Failure and Transplant Cardiology
symptoms of advanced heart failure,Advanced Heart Failure and Transplant Cardiology
can heart failure be reversed?,Advanced Heart Failure and Transplant Cardiology
heart failure and exercise advice,Advanced Heart Failure and Transplant Cardiology
how to manage heart failure diet,Advanced Heart Failure and Transplant Cardiology
heart failure and fluid retention,Advanced Heart Failure and Transplant Cardiology
feeling faint with heart failure,Advanced Heart Failure and Transplant Cardiology
heart failure and medication side effects,Advanced Heart Failure and Transplant Cardiology
advanced heart failure care options,Advanced Heart Failure and Transplant Cardiology
heart failure and sleep problems,Advanced Heart Failure and Transplant Cardiology
what causes end-stage heart failure,Advanced Heart Failure and Transplant Cardiology
heart failure and mental health,Advanced Heart Failure and Transplant Cardiology
heart failure symptoms in older adults,Advanced Heart Failure and Transplant Cardiology
heart failure and chest pain,Advanced Heart Failure and Transplant Cardiology
advanced heart failure prognosis,Advanced Heart Failure and Transplant Cardiology
heart failure and fluid buildup,Advanced Heart Failure and Transplant Cardiology
heart failure treatment options,Advanced Heart Failure and Transplant Cardiology
symptoms of heart failure worsening,Advanced Heart Failure and Transplant Cardiology
heart failure and activity levels,Advanced Heart Failure and Transplant Cardiology
heart failure and oxygen therapy,Advanced Heart Failure and Transplant Cardiology
heart failure and heart transplant eligibility,Advanced Heart Failure and Transplant Cardiology
heart failure and heart valve issues,Advanced Heart Failure and Transplant Cardiology
heart failure and fatigue management,Advanced Heart Failure and Transplant Cardiology
heart failure and weight gain,Advanced Heart Failure and Transplant Cardiology
heart failure and heart rhythm problems,Advanced Heart Failure and Transplant Cardiology
heart failure and heart attack risk,Advanced Heart Failure and Transplant Cardiology
My heart feels heavy and I’m short of breath,Cardiac Surgery
I had a heart attack and need surgery options,Cardiac Surgery
I’m experiencing chest pain and worry it’s serious,Cardiac Surgery
I’m concerned about my family’s heart health,Cardiac Surgery
I had surgery and now have trouble breathing,Cardiac Surgery
"My chest pain won’t go away, what should I do?",Cardiac Surgery
I’m worried about a possible heart condition,Cardiac Surgery
"I had a heart procedure, what are the risks?",Cardiac Surgery
"I feel tired all the time, could it be heart-related?",Cardiac Surgery
"I’m preparing for cardiac surgery, what to expect",Cardiac Surgery
"I had a heart valve replacement, now I’m dizzy",Cardiac Surgery
"I’m experiencing palpitations, should I see a doctor?",Cardiac Surgery
"I’m recovering from heart surgery, need advice",Cardiac Surgery
"I had a heart attack, what are the next steps?",Cardiac Surgery
I’m worried about my heart rhythm,Cardiac Surgery
"I had a bypass surgery, now I have pain",Cardiac Surgery
I’m experiencing shortness of breath at night,Cardiac Surgery
I’m concerned about my cholesterol levels,Cardiac Surgery
"I had a heart procedure, what are the side effects?",Cardiac Surgery
I’m feeling weak after heart surgery,Cardiac Surgery
I’m worried about my heart health in my 50s,Cardiac Surgery
"I had a heart operation, what’s the recovery like?",Cardiac Surgery
I’m experiencing chest pain with exertion,Cardiac Surgery
I’m concerned about my heart rate,Cardiac Surgery
"I had a heart procedure, need more information",Cardiac Surgery
I’m worried about a heart murmur,Cardiac Surgery
I’m experiencing dizziness and chest discomfort,Cardiac Surgery
"I had a heart surgery, what’s the follow-up?",Cardiac Surgery
I’m concerned about heart disease risk factors,Cardiac Surgery
I’m experiencing fatigue and heart palpitations,Cardiac Surgery
My chest hurts and it feels like my heart is racing,Cardiovascular Disease (Cardiology)
I have trouble breathing and my legs are swelling,Cardiovascular Disease (Cardiology)
I’ve been feeling dizzy and my heart feels heavy,Cardiovascular Disease (Cardiology)
I’ve had a family history of heart disease,Cardiovascular Disease (Cardiology)
I’m experiencing chest pain after eating,Cardiovascular Disease (Cardiology)
I’ve had irregular heartbeats for months,Cardiovascular Disease (Cardiology)
I’m short of breath when I walk,Cardiovascular Disease (Cardiology)
My blood pressure has been really high lately,Cardiovascular Disease (Cardiology)
I feel tired all the time and my heart is slow,Cardiovascular Disease (Cardiology)
I have a bad cough and my chest feels tight,Cardiovascular Disease (Cardiology)
I’ve been losing weight without knowing why,Cardiovascular Disease (Cardiology)
I’ve had a heart attack in the past,Cardiovascular Disease (Cardiology)
I’m worried about my cholesterol levels,Cardiovascular Disease (Cardiology)
I’ve had chest pain that lasts a long time,Cardiovascular Disease (Cardiology)
I’m having trouble sleeping and my heart is racing,Cardiovascular Disease (Cardiology)
I’ve been feeling weak and my arms are numb,Cardiovascular Disease (Cardiology)
I’m concerned about my heart health as I age,Cardiovascular Disease (Cardiology)
I’ve had a stroke and I’m worried about my heart,Cardiovascular Disease (Cardiology)
I’m having palpitations and I’m worried,Cardiovascular Disease (Cardiology)
I’ve been feeling anxious and my heart is fast,Cardiovascular Disease (Cardiology)
I’ve had chest pain and my doctor says it’s stress,Cardiovascular Disease (Cardiology)
I’m having leg swelling and my heart is weak,Cardiovascular Disease (Cardiology)
I’ve had heartburn and it’s been going on for weeks,Cardiovascular Disease (Cardiology)
I’m worried about my arteries and blood flow,Cardiovascular Disease (Cardiology)
I’ve had a heart murmur and I’m concerned,Cardiovascular Disease (Cardiology)
I’m experiencing chest pain and shortness of breath,Cardiovascular Disease (Cardiology)
I’ve had a high cholesterol level recently,Cardiovascular Disease (Cardiology)
I’m feeling faint and my heart is not beating right,Cardiovascular Disease (Cardiology)
I’ve had a previous heart surgery and I’m worried,Cardiovascular Disease (Cardiology)
I’m concerned about my blood pressure and heart health,Cardiovascular Disease (Cardiology)
Pregnant and need help with labor,Certified Nurse Midwife
Looking for a midwife during pregnancy,Certified Nurse Midwife
Birthing classes with a certified nurse midwife,Certified Nurse Midwife
Help with postpartum care,Certified Nurse Midwife
Midwife for home birth,Certified Nurse Midwife
Nurse midwife for low-risk pregnancy,Certified Nurse Midwife
Need a midwife for my first baby,Certified Nurse Midwife
Midwife services near me,Certified Nurse Midwife
Pregnancy care with a nurse midwife,Certified Nurse Midwife
Midwife for miscarriage support,Certified Nurse Midwife
Nurse midwife for early pregnancy,Certified Nurse Midwife
Help with birth planning,Certified Nurse Midwife
Midwife for gestational diabetes,Certified Nurse Midwife
Nurse midwife during delivery,Certified Nurse Midwife
Postpartum depression support,Certified Nurse Midwife
Midwife for pelvic floor issues,Certified Nurse Midwife
Nurse midwife for premature birth,Certified Nurse Midwife
Help with baby care after birth,Certified Nurse Midwife
Midwife for family planning,Certified Nurse Midwife
Nurse midwife for infertility,Certified Nurse Midwife
Pregnancy symptoms and care,Certified Nurse Midwife
Midwife for breastfeeding support,Certified Nurse Midwife
Nurse midwife for childbirth education,Certified Nurse Midwife
Help with pregnancy complications,Certified Nurse Midwife
Midwife for prenatal checkups,Certified Nurse Midwife
Nurse midwife for safe delivery,Certified Nurse Midwife
Postpartum care options,Certified Nurse Midwife
Midwife for pregnancy loss,Certified Nurse Midwife
Nurse midwife for baby health,Certified Nurse Midwife
Help with natural birth options,Certified Nurse Midwife
"My wife has pain after surgery, what can we do?",Certified Registered Nurse Anesthetist (CRNA)
I need a specialist for post-op nerve pain.,Certified Registered Nurse Anesthetist (CRNA)
What if my pain doesn’t go away after surgery?,Certified Registered Nurse Anesthetist (CRNA)
I’m worried about my mother’s pain management.,Certified Registered Nurse Anesthetist (CRNA)
How do I know if I need a CRNA?,Certified Registered Nurse Anesthetist (CRNA)
"I had a complicated surgery, need help with pain.",Certified Registered Nurse Anesthetist (CRNA)
"My child’s pain isn’t improving, what’s next?",Certified Registered Nurse Anesthetist (CRNA)
"I’m experiencing severe pain, should I see a CRNA?",Certified Registered Nurse Anesthetist (CRNA)
What if my pain is from a previous surgery?,Certified Registered Nurse Anesthetist (CRNA)
I’m scared of pain after my procedure.,Certified Registered Nurse Anesthetist (CRNA)
I need help with chronic pain after surgery.,Certified Registered Nurse Anesthetist (CRNA)
"I’m having difficulty breathing with pain, what’s wrong?",Certified Registered Nurse Anesthetist (CRNA)
"My pain is worse than before, what could it be?",Certified Registered Nurse Anesthetist (CRNA)
I’m not getting relief from my pain medication.,Certified Registered Nurse Anesthetist (CRNA)
I’m concerned about my pain during recovery.,Certified Registered Nurse Anesthetist (CRNA)
"I had a long surgery, need pain relief now.",Certified Registered Nurse Anesthetist (CRNA)
I’m not sure if my pain is normal after surgery.,Certified Registered Nurse Anesthetist (CRNA)
What are the options for pain management after surgery?,Certified Registered Nurse Anesthetist (CRNA)
"I’m in a lot of pain, what should I do?",Certified Registered Nurse Anesthetist (CRNA)
I need help controlling my post-op pain.,Certified Registered Nurse Anesthetist (CRNA)
I’m having trouble sleeping because of the pain.,Certified Registered Nurse Anesthetist (CRNA)
I’m worried about my pain level after the procedure.,Certified Registered Nurse Anesthetist (CRNA)
What if my pain is a sign of something worse?,Certified Registered Nurse Anesthetist (CRNA)
"I’m not feeling well with my pain, what’s the issue?",Certified Registered Nurse Anesthetist (CRNA)
I need a second opinion on my pain treatment.,Certified Registered Nurse Anesthetist (CRNA)
"I’m having pain that won’t stop, what can I do?",Certified Registered Nurse Anesthetist (CRNA)
I’m concerned about my recovery with pain.,Certified Registered Nurse Anesthetist (CRNA)
I need help with pain after a major surgery.,Certified Registered Nurse Anesthetist (CRNA)
I’m experiencing pain that started after the procedure.,Certified Registered Nurse Anesthetist (CRNA)
I’m not sure if my pain is from the surgery.,Certified Registered Nurse Anesthetist (CRNA)
"My heart feels irregular lately, what could it be?",Clinical Cardiac Electrophysiology
"I’ve been having trouble with my heartbeat, should I worry?",Clinical Cardiac Electrophysiology
"My ECG results were strange, what does that mean?",Clinical Cardiac Electrophysiology
"I’m experiencing chest pain, is it related to my heart?",Clinical Cardiac Electrophysiology
"I have palpitations, what could be causing that?",Clinical Cardiac Electrophysiology
"I’m feeling dizzy and my heart races, what’s wrong?",Clinical Cardiac Electrophysiology
"I’ve had sudden pauses in my heartbeat, is that serious?",Clinical Cardiac Electrophysiology
"My heart skips a beat sometimes, what does that mean?",Clinical Cardiac Electrophysiology
"I’m concerned about my arrhythmia, what should I do?",Clinical Cardiac Electrophysiology
"I’ve been short of breath, could it be a heart issue?",Clinical Cardiac Electrophysiology
"I have a fluttering sensation in my chest, is that normal?",Clinical Cardiac Electrophysiology
"I’m experiencing frequent heartburn, is that related to my heart?",Clinical Cardiac Electrophysiology
"I’ve had a heart rhythm problem, what tests are needed?",Clinical Cardiac Electrophysiology
"I’m worried about my heart rate, it’s too fast or too slow.",Clinical Cardiac Electrophysiology
"I’ve been feeling unexplained fatigue, could it be heart-related?",Clinical Cardiac Electrophysiology
"I have a history of heart disease, should I be concerned?",Clinical Cardiac Electrophysiology
"I’m noticing a irregular heartbeat, what could it be?",Clinical Cardiac Electrophysiology
"I’ve had episodes of fainting, is that a heart problem?",Clinical Cardiac Electrophysiology
"I’m worried about my heart valves, what should I check?",Clinical Cardiac Electrophysiology
"I’ve been having chest discomfort, is it heart-related?",Clinical Cardiac Electrophysiology
"I’m concerned about my heart rhythm, what are the signs?",Clinical Cardiac Electrophysiology
"I have a family history of heart issues, what should I watch for?",Clinical Cardiac Electrophysiology
"I’m experiencing shortness of breath with activity, is that normal?",Clinical Cardiac Electrophysiology
"I’ve had a recent heart attack, what’s next?",Clinical Cardiac Electrophysiology
"I’m worried about my heart failure symptoms, what do they feel like?",Clinical Cardiac Electrophysiology
"I’m having trouble sleeping due to heart issues, what can I do?",Clinical Cardiac Electrophysiology
"I’ve been feeling weak and tired, could it be heart-related?",Clinical Cardiac Electrophysiology
"I’m concerned about my heart’s electrical system, what does that mean?",Clinical Cardiac Electrophysiology
"I’ve had sudden heart palpitations, what should I do?",Clinical Cardiac Electrophysiology
"I’m experiencing chest tightness, is that a heart problem?",Clinical Cardiac Electrophysiology
